Timestamp,UTC,Callsign,Position,Altitude,Speed,Direction
1757990323,2025-09-16T02:38:43Z,CPA356,"22.31321,113.926079",0,0,25
1757990414,2025-09-16T02:40:14Z,CPA356,"22.312981,113.925987",0,2,33
1757990435,2025-09-16T02:40:35Z,CPA356,"22.312778,113.925858",0,2,45
1757990467,2025-09-16T02:41:07Z,CPA356,"22.312546,113.925598",0,0,39
1757990494,2025-09-16T02:41:34Z,CPA356,"22.312328,113.925392",0,2,28
1757990515,2025-09-16T02:41:55Z,CPA356,"22.312126,113.925285",0,2,30
1757990540,2025-09-16T02:42:20Z,CPA356,"22.311916,113.925125",0,2,22
1757990590,2025-09-16T02:43:10Z,CPA356,"22.312046,113.925415",0,0,25
1757990599,2025-09-16T02:43:19Z,CPA356,"22.311836,113.925102",0,0,25
1757990719,2025-09-16T02:45:19Z,CPA356,"22.312069,113.925209",0,3,22
1757990730,2025-09-16T02:45:30Z,CPA356,"22.312328,113.925217",0,6,5
1757990738,2025-09-16T02:45:38Z,CPA356,"22.312534,113.925041",0,7,334
1757990746,2025-09-16T02:45:46Z,CPA356,"22.312616,113.924767",0,8,300
1757990751,2025-09-16T02:45:51Z,CPA356,"22.312695,113.924553",0,8,295
1757990757,2025-09-16T02:45:57Z,CPA356,"22.312809,113.924324",0,9,295
1757990763,2025-09-16T02:46:03Z,CPA356,"22.312923,113.924065",0,10,295
1757990778,2025-09-16T02:46:18Z,CPA356,"22.313173,113.923477",0,0,295
1757990794,2025-09-16T02:46:34Z,CPA356,"22.313335,113.923164",0,0,295
1757990807,2025-09-16T02:46:47Z,CPA356,"22.313465,113.922867",0,6,295
1757990814,2025-09-16T02:46:54Z,CPA356,"22.313581,113.922615",0,8,295
1757990826,2025-09-16T02:47:06Z,CPA356,"22.313791,113.922134",0,10,295
1757990835,2025-09-16T02:47:15Z,CPA356,"22.31399,113.9217",0,10,295
1757990843,2025-09-16T02:47:23Z,CPA356,"22.314129,113.921394",0,8,295
1757990851,2025-09-16T02:47:31Z,CPA356,"22.314222,113.921188",0,7,295
1757990864,2025-09-16T02:47:44Z,CPA356,"22.314501,113.92086",0,7,315
1757990872,2025-09-16T02:47:52Z,CPA356,"22.314711,113.920799",0,5,334
1757990935,2025-09-16T02:48:55Z,CPA356,"22.314955,113.920723",0,0,340
1757990945,2025-09-16T02:49:05Z,CPA356,"22.315165,113.920647",0,6,340
1757990952,2025-09-16T02:49:12Z,CPA356,"22.315479,113.920532",0,9,340
1757990959,2025-09-16T02:49:19Z,CPA356,"22.315796,113.92041",0,10,340
1757990966,2025-09-16T02:49:26Z,CPA356,"22.316093,113.920219",0,10,329
1757990972,2025-09-16T02:49:32Z,CPA356,"22.316196,113.919983",0,9,303
1757990978,2025-09-16T02:49:38Z,CPA356,"22.316139,113.919708",0,9,270
1757990984,2025-09-16T02:49:44Z,CPA356,"22.31605,113.919487",0,9,255
1757990989,2025-09-16T02:49:49Z,CPA356,"22.315968,113.919273",0,9,250
1757990994,2025-09-16T02:49:54Z,CPA356,"22.315897,113.919029",0,11,250
1757990999,2025-09-16T02:49:59Z,CPA356,"22.315819,113.9188",0,11,250
1757991003,2025-09-16T02:50:03Z,CPA356,"22.31575,113.918571",0,11,250
1757991010,2025-09-16T02:50:10Z,CPA356,"22.315619,113.918152",0,13,250
1757991018,2025-09-16T02:50:18Z,CPA356,"22.315454,113.917656",0,14,250
1757991026,2025-09-16T02:50:26Z,CPA356,"22.315281,113.917114",0,15,250
1757991032,2025-09-16T02:50:32Z,CPA356,"22.315117,113.916611",0,16,250
1757991040,2025-09-16T02:50:40Z,CPA356,"22.314938,113.916023",0,17,250
1757991048,2025-09-16T02:50:48Z,CPA356,"22.314686,113.91526",0,18,250
1757991056,2025-09-16T02:50:56Z,CPA356,"22.314455,113.914551",0,20,250
1757991065,2025-09-16T02:51:05Z,CPA356,"22.314171,113.913681",0,21,250
1757991073,2025-09-16T02:51:13Z,CPA356,"22.313885,113.912758",0,22,250
1757991081,2025-09-16T02:51:21Z,CPA356,"22.313604,113.911896",0,23,250
1757991089,2025-09-16T02:51:29Z,CPA356,"22.313326,113.911034",0,23,250
1757991097,2025-09-16T02:51:37Z,CPA356,"22.313084,113.910271",0,24,250
1757991105,2025-09-16T02:51:45Z,CPA356,"22.312813,113.909431",0,24,250
1757991112,2025-09-16T02:51:52Z,CPA356,"22.312454,113.90831",0,22,250
1757991119,2025-09-16T02:51:59Z,CPA356,"22.312225,113.907623",0,20,250
1757991128,2025-09-16T02:52:08Z,CPA356,"22.311975,113.90686",0,19,250
1757991134,2025-09-16T02:52:14Z,CPA356,"22.311789,113.90625",0,18,250
1757991142,2025-09-16T02:52:22Z,CPA356,"22.311604,113.905716",0,17,250
1757991149,2025-09-16T02:52:29Z,CPA356,"22.311394,113.905052",0,17,250
1757991156,2025-09-16T02:52:36Z,CPA356,"22.311232,113.904533",0,15,250
1757991164,2025-09-16T02:52:44Z,CPA356,"22.311104,113.904137",0,12,250
1757991171,2025-09-16T02:52:51Z,CPA356,"22.310966,113.903717",0,8,250
1757991186,2025-09-16T02:53:06Z,CPA356,"22.310841,113.903305",0,5,250
1757991207,2025-09-16T02:53:27Z,CPA356,"22.310764,113.903099",0,1,250
1757991231,2025-09-16T02:53:51Z,CPA356,"22.310703,113.902878",0,3,250
1757991244,2025-09-16T02:54:04Z,CPA356,"22.310589,113.902542",0,6,250
1757991252,2025-09-16T02:54:12Z,CPA356,"22.31052,113.902321",0,7,250
1757991259,2025-09-16T02:54:19Z,CPA356,"22.31044,113.902039",0,8,250
1757991268,2025-09-16T02:54:28Z,CPA356,"22.310347,113.901764",0,9,250
1757991275,2025-09-16T02:54:35Z,CPA356,"22.310207,113.901344",0,9,250
1757991283,2025-09-16T02:54:43Z,CPA356,"22.310114,113.9011",0,6,250
1757991291,2025-09-16T02:54:51Z,CPA356,"22.310043,113.900871",0,5,250
1757991302,2025-09-16T02:55:02Z,CPA356,"22.309975,113.900642",0,5,250
1757991312,2025-09-16T02:55:12Z,CPA356,"22.309904,113.900429",0,4,250
1757991320,2025-09-16T02:55:20Z,CPA356,"22.309834,113.900223",0,6,250
1757991327,2025-09-16T02:55:27Z,CPA356,"22.309765,113.899994",0,7,250
1757991334,2025-09-16T02:55:34Z,CPA356,"22.309683,113.899727",0,8,250
1757991342,2025-09-16T02:55:42Z,CPA356,"22.309601,113.899437",0,9,255
1757991346,2025-09-16T02:55:46Z,CPA356,"22.309649,113.899216",0,10,272
1757991351,2025-09-16T02:55:51Z,CPA356,"22.309822,113.89901",0,11,300
1757991355,2025-09-16T02:55:55Z,CPA356,"22.310062,113.898895",0,12,326
1757991362,2025-09-16T02:56:02Z,CPA356,"22.310429,113.898781",0,13,340
1757991367,2025-09-16T02:56:07Z,CPA356,"22.310741,113.898674",0,14,340
1757991375,2025-09-16T02:56:15Z,CPA356,"22.311058,113.898582",0,8,345
1757991391,2025-09-16T02:56:31Z,CPA356,"22.311255,113.898811",0,4,33
1757991401,2025-09-16T02:56:41Z,CPA356,"22.3113,113.89904",0,4,61
1757991411,2025-09-16T02:56:51Z,CPA356,"22.311359,113.899254",0,5,67
1757991461,2025-09-16T02:57:41Z,CPA356,"22.31155,113.899818",0,18,70
1757991468,2025-09-16T02:57:48Z,CPA356,"22.311939,113.901031",0,46,70
1757991476,2025-09-16T02:57:56Z,CPA356,"22.312603,113.90313",0,72,70
1757991484,2025-09-16T02:58:04Z,CPA356,"22.313782,113.906799",75,102,69
1757991495,2025-09-16T02:58:15Z,CPA356,"22.316025,113.91378",50,138,70
1757991503,2025-09-16T02:58:23Z,CPA356,"22.317856,113.91938",25,160,70
1757991512,2025-09-16T02:58:32Z,CPA356,"22.320076,113.926086",325,161,70
1757991518,2025-09-16T02:58:38Z,CPA356,"22.321701,113.930916",550,161,70
1757991527,2025-09-16T02:58:47Z,CPA356,"22.32394,113.937737",850,161,70
1757991535,2025-09-16T02:58:55Z,CPA356,"22.325941,113.943939",1150,162,70
1757991544,2025-09-16T02:59:04Z,CPA356,"22.32811,113.950592",1400,166,71
1757991550,2025-09-16T02:59:10Z,CPA356,"22.329666,113.955482",1650,163,71
1757991558,2025-09-16T02:59:18Z,CPA356,"22.331772,113.961884",1975,162,70
1757991567,2025-09-16T02:59:27Z,CPA356,"22.334087,113.968201",2125,172,66
1757991569,2025-09-16T02:59:29Z,CPA356,"22.334976,113.97007",2150,175,63
1757991571,2025-09-16T02:59:31Z,CPA356,"22.335754,113.971519",2175,178,61
1757991573,2025-09-16T02:59:33Z,CPA356,"22.336807,113.97332",2200,180,59
1757991575,2025-09-16T02:59:35Z,CPA356,"22.337494,113.974518",2225,184,57
1757991577,2025-09-16T02:59:37Z,CPA356,"22.33873,113.976616",2250,186,57
1757991579,2025-09-16T02:59:39Z,CPA356,"22.339581,113.978065",2275,187,57
1757991581,2025-09-16T02:59:41Z,CPA356,"22.340511,113.979645",2300,190,57
1757991584,2025-09-16T02:59:44Z,CPA356,"22.34166,113.98156",2350,191,57
1757991586,2025-09-16T02:59:46Z,CPA356,"22.342979,113.983818",2375,196,57
1757991588,2025-09-16T02:59:48Z,CPA356,"22.344049,113.985542",2400,196,57
1757991590,2025-09-16T02:59:50Z,CPA356,"22.34498,113.987122",2425,199,56
1757991592,2025-09-16T02:59:52Z,CPA356,"22.345959,113.988647",2475,201,56
1757991594,2025-09-16T02:59:54Z,CPA356,"22.347029,113.990425",2500,202,56
1757991597,2025-09-16T02:59:57Z,CPA356,"22.348206,113.99234",2525,205,56
1757991599,2025-09-16T02:59:59Z,CPA356,"22.349442,113.99424",2550,207,56
1757991601,2025-09-16T03:00:01Z,CPA356,"22.35054,113.99604",2575,211,55
1757991609,2025-09-16T03:00:09Z,CPA356,"22.35553,114.003929",2800,216,55
1757991616,2025-09-16T03:00:16Z,CPA356,"22.358963,114.009369",3075,215,55
1757991624,2025-09-16T03:00:24Z,CPA356,"22.364115,114.017281",3475,213,55
1757991633,2025-09-16T03:00:33Z,CPA356,"22.368629,114.024254",3800,211,55
1757991641,2025-09-16T03:00:41Z,CPA356,"22.37352,114.031891",4075,214,55
1757991650,2025-09-16T03:00:50Z,CPA356,"22.37822,114.039253",4325,216,55
1757991658,2025-09-16T03:00:58Z,CPA356,"22.38306,114.046837",4625,219,55
1757991666,2025-09-16T03:01:06Z,CPA356,"22.387949,114.054565",4950,220,55
1757991673,2025-09-16T03:01:13Z,CPA356,"22.3913,114.059853",5150,221,55
1757991687,2025-09-16T03:01:27Z,CPA356,"22.399168,114.07354",5625,219,64
1757991689,2025-09-16T03:01:29Z,CPA356,"22.399979,114.075989",5700,219,69
1757991691,2025-09-16T03:01:31Z,CPA356,"22.400482,114.078087",5775,217,73
1757991693,2025-09-16T03:01:33Z,CPA356,"22.40089,114.080353",5850,217,78
1757991695,2025-09-16T03:01:35Z,CPA356,"22.401077,114.082283",5900,216,82
1757991698,2025-09-16T03:01:38Z,CPA356,"22.401215,114.085075",6000,216,86
1757991700,2025-09-16T03:01:40Z,CPA356,"22.401123,114.087425",6050,216,90
1757991702,2025-09-16T03:01:42Z,CPA356,"22.400845,114.089714",6100,216,95
1757991704,2025-09-16T03:01:44Z,CPA356,"22.400564,114.091492",6150,217,99
1757991706,2025-09-16T03:01:46Z,CPA356,"22.400024,114.093918",6200,220,104
1757991708,2025-09-16T03:01:48Z,CPA356,"22.399246,114.096367",6250,221,107
1757991710,2025-09-16T03:01:50Z,CPA356,"22.398563,114.098457",6300,222,109
1757991713,2025-09-16T03:01:53Z,CPA356,"22.397772,114.1008",6375,223,110
1757991715,2025-09-16T03:01:55Z,CPA356,"22.396912,114.103302",6450,224,110
1757991717,2025-09-16T03:01:57Z,CPA356,"22.396179,114.105301",6525,225,111
1757991719,2025-09-16T03:01:59Z,CPA356,"22.395264,114.107849",6625,224,111
1757991721,2025-09-16T03:02:01Z,CPA356,"22.394512,114.109749",6700,224,111
1757991723,2025-09-16T03:02:03Z,CPA356,"22.393753,114.111794",6800,224,112
1757991725,2025-09-16T03:02:05Z,CPA356,"22.392696,114.114433",6900,224,112
1757991727,2025-09-16T03:02:07Z,CPA356,"22.391876,114.116585",6975,224,113
1757991729,2025-09-16T03:02:09Z,CPA356,"22.391254,114.118141",7050,225,113
1757991731,2025-09-16T03:02:11Z,CPA356,"22.390369,114.120331",7125,225,113
1757991733,2025-09-16T03:02:13Z,CPA356,"22.389496,114.122429",7200,226,113
1757991746,2025-09-16T03:02:26Z,CPA356,"22.38414,114.135368",7700,226,114
1757991761,2025-09-16T03:02:41Z,CPA356,"22.377594,114.150848",8175,232,114
1757991774,2025-09-16T03:02:54Z,CPA356,"22.371422,114.16468",8550,240,119
1757991780,2025-09-16T03:03:00Z,CPA356,"22.367477,114.170967",8800,242,125
1757991782,2025-09-16T03:03:02Z,CPA356,"22.366104,114.172821",8875,240,128
1757991784,2025-09-16T03:03:04Z,CPA356,"22.364672,114.174652",8975,240,129
1757991786,2025-09-16T03:03:06Z,CPA356,"22.363083,114.176613",9075,240,131
1757991788,2025-09-16T03:03:08Z,CPA356,"22.361526,114.178513",9175,239,131
1757991790,2025-09-16T03:03:10Z,CPA356,"22.359787,114.180611",9250,240,131
1757991792,2025-09-16T03:03:12Z,CPA356,"22.358389,114.182381",9300,241,130
1757991795,2025-09-16T03:03:15Z,CPA356,"22.356758,114.184471",9375,242,130
1757991797,2025-09-16T03:03:17Z,CPA356,"22.355347,114.186302",9450,242,129
1757991799,2025-09-16T03:03:19Z,CPA356,"22.353827,114.188332",9525,243,128
1757991801,2025-09-16T03:03:21Z,CPA356,"22.352337,114.190369",9600,243,128
1757991815,2025-09-16T03:03:35Z,CPA356,"22.342421,114.204613",10150,245,126
1757991828,2025-09-16T03:03:48Z,CPA356,"22.333786,114.216965",10700,244,127
1757991843,2025-09-16T03:04:03Z,CPA356,"22.323753,114.231209",11275,244,127
1757991856,2025-09-16T03:04:16Z,CPA356,"22.315746,114.244637",11750,246,119
1757991862,2025-09-16T03:04:22Z,CPA356,"22.312454,114.251221",11900,250,117
1757991864,2025-09-16T03:04:24Z,CPA356,"22.311127,114.254021",11925,252,117
1757991866,2025-09-16T03:04:26Z,CPA356,"22.310066,114.256187",11950,254,117
1757991868,2025-09-16T03:04:28Z,CPA356,"22.308903,114.258575",12000,256,117
1757991870,2025-09-16T03:04:30Z,CPA356,"22.307602,114.261261",12025,258,117
1757991902,2025-09-16T03:05:02Z,CPA356,"22.289024,114.299774",12475,291,117
1757991934,2025-09-16T03:05:34Z,CPA356,"22.267776,114.344055",12950,323,117
1757991967,2025-09-16T03:06:07Z,CPA356,"22.244659,114.391846",13900,334,120
1757991976,2025-09-16T03:06:16Z,CPA356,"22.236933,114.404045",14150,337,126
1757991978,2025-09-16T03:06:18Z,CPA356,"22.235229,114.406479",14200,338,126
1757991980,2025-09-16T03:06:20Z,CPA356,"22.233078,114.409477",14275,337,127
1757991982,2025-09-16T03:06:22Z,CPA356,"22.230602,114.412941",14375,338,127
1757991984,2025-09-16T03:06:24Z,CPA356,"22.228834,114.415489",14450,338,127
1757991986,2025-09-16T03:06:26Z,CPA356,"22.226898,114.418159",14525,338,127
1757991989,2025-09-16T03:06:29Z,CPA356,"22.225479,114.420212",14575,338,127
1757992020,2025-09-16T03:07:00Z,CPA356,"22.194384,114.464775",15650,343,126
1757992053,2025-09-16T03:07:33Z,CPA356,"22.163773,114.509201",16700,347,124
1757992063,2025-09-16T03:07:43Z,CPA356,"22.155167,114.525826",17050,348,115
1757992066,2025-09-16T03:07:46Z,CPA356,"22.153885,114.529175",17125,348,113
1757992068,2025-09-16T03:07:48Z,CPA356,"22.152628,114.532524",17200,348,111
1757992070,2025-09-16T03:07:50Z,CPA356,"22.151323,114.536438",17300,347,109
1757992072,2025-09-16T03:07:52Z,CPA356,"22.15016,114.540001",17375,347,109
1757992075,2025-09-16T03:07:55Z,CPA356,"22.149042,114.543358",17450,348,109
1757992077,2025-09-16T03:07:57Z,CPA356,"22.14798,114.546654",17525,348,109
1757992079,2025-09-16T03:07:59Z,CPA356,"22.146902,114.550018",17600,350,109
1757992081,2025-09-16T03:08:01Z,CPA356,"22.145737,114.553528",17675,350,109
1757992083,2025-09-16T03:08:03Z,CPA356,"22.144547,114.55719",17725,350,109
1757992085,2025-09-16T03:08:05Z,CPA356,"22.143177,114.561211",17800,351,109
1757992087,2025-09-16T03:08:07Z,CPA356,"22.142029,114.564629",17875,351,109
1757992090,2025-09-16T03:08:10Z,CPA356,"22.140944,114.567924",17925,353,109
1757992121,2025-09-16T03:08:41Z,CPA356,"22.122274,114.621887",18725,366,110
1757992153,2025-09-16T03:09:13Z,CPA356,"22.102631,114.677681",19875,374,110
1757992186,2025-09-16T03:09:46Z,CPA356,"22.083115,114.733269",21000,382,110
1757992217,2025-09-16T03:10:17Z,CPA356,"22.063526,114.789429",22075,385,110
1757992249,2025-09-16T03:10:49Z,CPA356,"22.042877,114.848129",23000,394,110
1757992280,2025-09-16T03:11:20Z,CPA356,"22.022141,114.907127",23825,403,110
1757992311,2025-09-16T03:11:51Z,CPA356,"22.001587,114.96563",24725,409,110
1757992342,2025-09-16T03:12:22Z,CPA356,"21.980803,115.024773",25525,415,110
1757992389,2025-09-16T03:13:09Z,CPA356,"21.948589,115.116066",26750,424,110
1757992424,2025-09-16T03:13:44Z,CPA356,"21.923996,115.186806",27600,430,108
1757992455,2025-09-16T03:14:15Z,CPA356,"21.907902,115.25248",27950,439,101
1757992489,2025-09-16T03:14:49Z,CPA356,"21.899057,115.325569",28450,445,93
1757992521,2025-09-16T03:15:21Z,CPA356,"21.89859,115.397095",29000,446,87
1757992553,2025-09-16T03:15:53Z,CPA356,"21.90078,115.467323",29550,449,88
1757992586,2025-09-16T03:16:26Z,CPA356,"21.902893,115.540619",30150,451,88
1757992618,2025-09-16T03:16:58Z,CPA356,"21.906693,115.613579",30750,454,83
1757992629,2025-09-16T03:17:09Z,CPA356,"21.911207,115.637054",30925,453,76
1757992635,2025-09-16T03:17:15Z,CPA356,"21.914749,115.649132",31025,452,72
1757992640,2025-09-16T03:17:20Z,CPA356,"21.918823,115.660515",31100,452,68
1757992645,2025-09-16T03:17:25Z,CPA356,"21.923311,115.670929",31200,452,65
1757992651,2025-09-16T03:17:31Z,CPA356,"21.92927,115.682732",31275,454,62
1757992656,2025-09-16T03:17:36Z,CPA356,"21.935089,115.692543",31350,453,57
1757992659,2025-09-16T03:17:39Z,CPA356,"21.938951,115.698395",31375,453,55
1757992667,2025-09-16T03:17:47Z,CPA356,"21.949127,115.7117",31500,453,50
1757992671,2025-09-16T03:17:51Z,CPA356,"21.955666,115.719048",31575,454,47
1757992678,2025-09-16T03:17:58Z,CPA356,"21.965487,115.728661",31725,452,41
1757992683,2025-09-16T03:18:03Z,CPA356,"21.974518,115.736183",31850,451,37
1757992686,2025-09-16T03:18:06Z,CPA356,"21.979706,115.74012",31900,450,36
1757992694,2025-09-16T03:18:14Z,CPA356,"21.993027,115.748955",32050,450,30
1757992699,2025-09-16T03:18:19Z,CPA356,"22.003326,115.754852",32125,452,28
1757992703,2025-09-16T03:18:23Z,CPA356,"22.008865,115.757996",32150,454,27
1757992710,2025-09-16T03:18:30Z,CPA356,"22.023678,115.766449",32250,456,27
1757992740,2025-09-16T03:19:00Z,CPA356,"22.078674,115.798592",32725,458,28
1757992777,2025-09-16T03:19:37Z,CPA356,"22.149323,115.840096",32975,470,28
1757992802,2025-09-16T03:20:02Z,CPA356,"22.174646,115.854851",33000,477,28
1757992839,2025-09-16T03:20:39Z,CPA356,"22.270357,115.910034",33000,481,28
1757992868,2025-09-16T03:21:08Z,CPA356,"22.327944,115.942993",33000,479,28
1757992916,2025-09-16T03:21:56Z,CPA356,"22.422071,115.997009",33000,480,28
1757992955,2025-09-16T03:22:35Z,CPA356,"22.497345,116.040443",33000,478,28
1757992987,2025-09-16T03:23:07Z,CPA356,"22.561157,116.077148",33000,480,28
1757993018,2025-09-16T03:23:38Z,CPA356,"22.599575,116.099548",33000,480,28
1757993053,2025-09-16T03:24:13Z,CPA356,"22.668985,116.139832",33000,482,28
1757993091,2025-09-16T03:24:51Z,CPA356,"22.760647,116.203156",33000,481,37
1757993117,2025-09-16T03:25:17Z,CPA356,"22.784821,116.223419",33000,482,38
1757993156,2025-09-16T03:25:56Z,CPA356,"22.854219,116.28109",33000,480,37
1757993186,2025-09-16T03:26:26Z,CPA356,"22.90938,116.326698",33050,479,38
1757993224,2025-09-16T03:27:04Z,CPA356,"22.975161,116.383209",33100,482,42
1757993249,2025-09-16T03:27:29Z,CPA356,"23.009649,116.429443",33100,482,56
1757993254,2025-09-16T03:27:34Z,CPA356,"23.015705,116.439568",33100,482,57
1757993259,2025-09-16T03:27:39Z,CPA356,"23.02199,116.450142",33100,482,57
1757993294,2025-09-16T03:28:14Z,CPA356,"23.063749,116.51825",33100,479,54
1757993329,2025-09-16T03:28:49Z,CPA356,"23.10988,116.585388",33100,478,53
1757993361,2025-09-16T03:29:21Z,CPA356,"23.171843,116.668243",33100,475,47
1757993385,2025-09-16T03:29:45Z,CPA356,"23.190809,116.689537",33100,475,45
1757993430,2025-09-16T03:30:30Z,CPA356,"23.286484,116.775528",33100,476,37
1757993469,2025-09-16T03:31:09Z,CPA356,"23.352697,116.831261",33100,472,38
1757993500,2025-09-16T03:31:40Z,CPA356,"23.402973,116.881813",33100,472,44
1757993534,2025-09-16T03:32:14Z,CPA356,"23.454346,116.940674",33100,471,46
1757993567,2025-09-16T03:32:47Z,CPA356,"23.502411,116.995056",33100,473,46
1757993599,2025-09-16T03:33:19Z,CPA356,"23.551071,117.050224",33100,473,46
1757993633,2025-09-16T03:33:53Z,CPA356,"23.602217,117.108353",33100,470,46
1757993666,2025-09-16T03:34:26Z,CPA356,"23.653336,117.166595",33100,470,46
1757993697,2025-09-16T03:34:57Z,CPA356,"23.701263,117.220253",33100,472,44
1757993729,2025-09-16T03:35:29Z,CPA356,"23.75116,117.268883",33100,471,41
1757993762,2025-09-16T03:36:02Z,CPA356,"23.804581,117.321014",33100,467,42
1757993794,2025-09-16T03:36:34Z,CPA356,"23.857269,117.372589",33100,465,42
1757993825,2025-09-16T03:37:05Z,CPA356,"23.907646,117.421928",33100,465,42
1757993857,2025-09-16T03:37:37Z,CPA356,"23.957748,117.471062",33100,467,42
1757993889,2025-09-16T03:38:09Z,CPA356,"24.008759,117.521118",33100,470,42
1757993920,2025-09-16T03:38:40Z,CPA356,"24.059826,117.571587",33100,472,43
1757993954,2025-09-16T03:39:14Z,CPA356,"24.111265,117.631546",33100,470,48
1757993987,2025-09-16T03:39:47Z,CPA356,"24.15834,117.688347",33100,470,47
1757994020,2025-09-16T03:40:20Z,CPA356,"24.206726,117.746124",33100,467,47
1757994051,2025-09-16T03:40:51Z,CPA356,"24.253996,117.802872",33100,472,47
1757994082,2025-09-16T03:41:22Z,CPA356,"24.297941,117.855728",33100,474,47
1757994113,2025-09-16T03:41:53Z,CPA356,"24.343918,117.911171",33125,474,47
1757994145,2025-09-16T03:42:25Z,CPA356,"24.390839,117.967781",33100,472,47
1757994176,2025-09-16T03:42:56Z,CPA356,"24.437439,118.024086",33100,473,47
1757994208,2025-09-16T03:43:28Z,CPA356,"24.484268,118.080803",33100,474,47
1757994239,2025-09-16T03:43:59Z,CPA356,"24.531446,118.136505",33100,475,46
1757994270,2025-09-16T03:44:30Z,CPA356,"24.578884,118.189468",33100,476,45
1757994302,2025-09-16T03:45:02Z,CPA356,"24.627483,118.244087",33100,473,45
1757994334,2025-09-16T03:45:34Z,CPA356,"24.675659,118.298897",33100,475,46
1757994367,2025-09-16T03:46:07Z,CPA356,"24.725569,118.355972",33100,477,46
1757994397,2025-09-16T03:46:37Z,CPA356,"24.773392,118.410591",33100,478,46
1757994430,2025-09-16T03:47:10Z,CPA356,"24.823151,118.467506",33100,478,46
1757994462,2025-09-16T03:47:42Z,CPA356,"24.872721,118.524239",33100,478,46
1757994493,2025-09-16T03:48:13Z,CPA356,"24.920837,118.579407",33100,484,46
1757994526,2025-09-16T03:48:46Z,CPA356,"24.971832,118.638",33100,492,46
1757994558,2025-09-16T03:49:18Z,CPA356,"25.022324,118.696037",33100,492,46
1757994590,2025-09-16T03:49:50Z,CPA356,"25.07136,118.753967",33100,491,47
1757994620,2025-09-16T03:50:20Z,CPA356,"25.118563,118.811752",33100,490,48
1757994652,2025-09-16T03:50:52Z,CPA356,"25.167442,118.871292",33100,491,47
1757994684,2025-09-16T03:51:24Z,CPA356,"25.215591,118.929543",33100,487,47
1757994717,2025-09-16T03:51:57Z,CPA356,"25.264069,118.988289",33100,483,47
1757994749,2025-09-16T03:52:29Z,CPA356,"25.314285,119.048058",33100,477,46
1757994781,2025-09-16T03:53:01Z,CPA356,"25.362305,119.103645",33100,473,46
1757994812,2025-09-16T03:53:32Z,CPA356,"25.409637,119.15863",33100,476,46
1757994844,2025-09-16T03:54:04Z,CPA356,"25.457382,119.214531",33075,472,46
1757994876,2025-09-16T03:54:36Z,CPA356,"25.504108,119.269188",33150,441,46
1757994908,2025-09-16T03:55:08Z,CPA356,"25.547775,119.320541",33100,433,46
1757994940,2025-09-16T03:55:40Z,CPA356,"25.591324,119.371696",33100,438,46
1757994972,2025-09-16T03:56:12Z,CPA356,"25.641159,119.422012",33100,439,39
1757995004,2025-09-16T03:56:44Z,CPA356,"25.692133,119.46212",33100,440,32
1757995034,2025-09-16T03:57:14Z,CPA356,"25.746181,119.495285",33100,442,26
1757995066,2025-09-16T03:57:46Z,CPA356,"25.807526,119.523415",33100,444,19
1757995097,2025-09-16T03:58:17Z,CPA356,"25.868683,119.544411",33100,446,17
1757995129,2025-09-16T03:58:49Z,CPA356,"25.934372,119.566902",33100,448,17
1757995163,2025-09-16T03:59:23Z,CPA356,"25.998505,119.588928",33100,445,17
1757995194,2025-09-16T03:59:54Z,CPA356,"26.059982,119.609917",33100,447,17
1757995225,2025-09-16T04:00:25Z,CPA356,"26.123886,119.631836",33100,450,17
1757995257,2025-09-16T04:00:57Z,CPA356,"26.187775,119.649719",33100,449,11
1757995286,2025-09-16T04:01:26Z,CPA356,"26.225098,119.656036",33100,451,6
1757995324,2025-09-16T04:02:04Z,CPA356,"26.329605,119.660805",32725,457,4
1757995356,2025-09-16T04:02:36Z,CPA356,"26.395164,119.661819",32475,461,4
1757995386,2025-09-16T04:03:06Z,CPA356,"26.45871,119.66256",32225,464,4
1757995419,2025-09-16T04:03:39Z,CPA356,"26.531656,119.662979",31950,463,4
1757995452,2025-09-16T04:04:12Z,CPA356,"26.601625,119.663406",31700,461,4
1757995484,2025-09-16T04:04:44Z,CPA356,"26.669449,119.663811",31425,463,4
1757995516,2025-09-16T04:05:16Z,CPA356,"26.739792,119.664352",31150,464,4
1757995549,2025-09-16T04:05:49Z,CPA356,"26.81097,119.664825",31100,462,4
1757995581,2025-09-16T04:06:21Z,CPA356,"26.876608,119.665359",31100,340,4
1757995615,2025-09-16T04:06:55Z,CPA356,"26.951698,119.665886",31100,440,4
1757995650,2025-09-16T04:07:30Z,CPA356,"27.027996,119.666412",31100,465,4
1757995671,2025-09-16T04:07:51Z,CPA356,"27.070639,119.666733",31100,466,4
1757995731,2025-09-16T04:08:51Z,CPA356,"27.203684,119.667732",31100,467,4
1757995779,2025-09-16T04:09:39Z,CPA356,"27.30773,119.668419",31100,470,4
1757995800,2025-09-16T04:10:00Z,CPA356,"27.329702,119.668472",31100,470,4
1757995859,2025-09-16T04:10:59Z,CPA356,"27.477768,119.668785",31100,468,4
1757995876,2025-09-16T04:11:16Z,CPA356,"27.513769,119.666519",31100,465,352
1757995908,2025-09-16T04:11:48Z,CPA356,"27.56287,119.654587",31100,470,346
1757995939,2025-09-16T04:12:19Z,CPA356,"27.619904,119.639404",31100,470,347
1757995976,2025-09-16T04:12:56Z,CPA356,"27.730499,119.610229",31100,472,346
1757996008,2025-09-16T04:13:28Z,CPA356,"27.798483,119.592094",31100,469,346
1757996040,2025-09-16T04:14:00Z,CPA356,"27.865471,119.574402",31100,468,347
1757996073,2025-09-16T04:14:33Z,CPA356,"27.935486,119.562675",31100,468,354
1757996102,2025-09-16T04:15:02Z,CPA356,"27.997307,119.560173",31100,466,359
1757996131,2025-09-16T04:15:31Z,CPA356,"28.032547,119.560982",31100,465,1
1757996182,2025-09-16T04:16:22Z,CPA356,"28.14609,119.562973",31100,463,2
1757996234,2025-09-16T04:17:14Z,CPA356,"28.25761,119.570122",31100,465,3
1757996266,2025-09-16T04:17:46Z,CPA356,"28.353525,119.575737",31100,700,2
1757996302,2025-09-16T04:18:22Z,CPA356,"28.424238,119.579613",31100,466,2
1757996329,2025-09-16T04:18:49Z,CPA356,"28.464739,119.581764",31100,468,3
1757996363,2025-09-16T04:19:23Z,CPA356,"28.538544,119.586182",31100,470,3
1757996392,2025-09-16T04:19:52Z,CPA356,"28.594851,119.589897",31100,472,3
1757996427,2025-09-16T04:20:27Z,CPA356,"28.678598,119.59507",31100,472,3
1757996456,2025-09-16T04:20:56Z,CPA356,"28.74147,119.598907",31100,473,3
1757996490,2025-09-16T04:21:30Z,CPA356,"28.81599,119.603607",31100,472,3
1757996525,2025-09-16T04:22:05Z,CPA356,"28.89237,119.608322",31100,472,3
1757996568,2025-09-16T04:22:48Z,CPA356,"28.986448,119.614189",31100,470,3
1757996597,2025-09-16T04:23:17Z,CPA356,"29.047251,119.617958",31100,470,3
1757996637,2025-09-16T04:23:57Z,CPA356,"29.159437,119.624954",31100,468,3
1757996668,2025-09-16T04:24:28Z,CPA356,"29.226471,119.629021",31100,468,3
1757996705,2025-09-16T04:25:05Z,CPA356,"29.307055,119.633949",31100,470,3
1757996735,2025-09-16T04:25:35Z,CPA356,"29.34906,119.63652",31100,470,3
1757996765,2025-09-16T04:26:05Z,CPA356,"29.414431,119.64064",31100,472,3
1757996800,2025-09-16T04:26:40Z,CPA356,"29.490879,119.64518",31100,472,3
1757996820,2025-09-16T04:27:00Z,CPA356,"29.533899,119.652908",31100,474,14
1757996825,2025-09-16T04:27:05Z,CPA356,"29.544571,119.65654",31100,474,17
1757996830,2025-09-16T04:27:10Z,CPA356,"29.5546,119.660599",31100,473,19
1757996835,2025-09-16T04:27:15Z,CPA356,"29.56477,119.665398",31100,473,22
1757996840,2025-09-16T04:27:20Z,CPA356,"29.570259,119.668312",31100,473,24
1757996845,2025-09-16T04:27:25Z,CPA356,"29.58544,119.677406",31100,472,28
1757996850,2025-09-16T04:27:30Z,CPA356,"29.59354,119.683006",31100,472,31
1757996855,2025-09-16T04:27:35Z,CPA356,"29.60252,119.689812",31100,472,34
1757996860,2025-09-16T04:27:40Z,CPA356,"29.611219,119.696678",31100,470,35
1757996865,2025-09-16T04:27:45Z,CPA356,"29.62079,119.704178",31100,470,34
1757996874,2025-09-16T04:27:54Z,CPA356,"29.636784,119.716675",31100,470,34
1757996908,2025-09-16T04:28:28Z,CPA356,"29.698879,119.764282",31100,470,33
1757996943,2025-09-16T04:29:03Z,CPA356,"29.761959,119.812927",31100,472,34
1757996973,2025-09-16T04:29:33Z,CPA356,"29.8174,119.856033",31100,471,34
1757997008,2025-09-16T04:30:08Z,CPA356,"29.87965,119.904572",31100,470,34
1757997047,2025-09-16T04:30:47Z,CPA356,"29.970284,119.975151",30625,472,33
1757997078,2025-09-16T04:31:18Z,CPA356,"30.026659,120.019043",30100,468,34
1757997110,2025-09-16T04:31:50Z,CPA356,"30.082893,120.062988",29325,466,34
1757997141,2025-09-16T04:32:21Z,CPA356,"30.137547,120.105614",28625,458,34
1757997173,2025-09-16T04:32:53Z,CPA356,"30.193083,120.149231",27650,452,34
1757997205,2025-09-16T04:33:25Z,CPA356,"30.247782,120.192184",26600,450,34
1757997236,2025-09-16T04:33:56Z,CPA356,"30.302435,120.22998",25950,432,21
1757997242,2025-09-16T04:34:02Z,CPA356,"30.314117,120.234108",25875,428,15
1757997247,2025-09-16T04:34:07Z,CPA356,"30.325665,120.236679",25800,423,9
1757997252,2025-09-16T04:34:12Z,CPA356,"30.335129,120.237717",25700,422,5
1757997258,2025-09-16T04:34:18Z,CPA356,"30.345308,120.237778",25575,420,5
1757997264,2025-09-16T04:34:24Z,CPA356,"30.357147,120.23642",25400,418,352
1757997269,2025-09-16T04:34:29Z,CPA356,"30.366816,120.234047",25225,416,346
1757997274,2025-09-16T04:34:34Z,CPA356,"30.376034,120.230751",25050,416,341
1757997279,2025-09-16T04:34:39Z,CPA356,"30.381683,120.228073",24950,416,341
1757997284,2025-09-16T04:34:44Z,CPA356,"30.394318,120.220375",24775,416,330
1757997288,2025-09-16T04:34:48Z,CPA356,"30.400864,120.215691",24700,416,330
1757997293,2025-09-16T04:34:53Z,CPA356,"30.404198,120.213226",24675,416,326
1757997300,2025-09-16T04:35:00Z,CPA356,"30.420164,120.20092",24600,416,326
1757997305,2025-09-16T04:35:05Z,CPA356,"30.427139,120.195496",24575,416,326
1757997337,2025-09-16T04:35:37Z,CPA356,"30.477173,120.155693",24600,414,324
1757997369,2025-09-16T04:36:09Z,CPA356,"30.526978,120.112717",24600,412,322
1757997399,2025-09-16T04:36:39Z,CPA356,"30.555817,120.087624",24600,399,323
1757997429,2025-09-16T04:37:09Z,CPA356,"30.59935,120.050247",24600,383,324
1757997464,2025-09-16T04:37:44Z,CPA356,"30.6486,120.008003",24600,383,324
1757997494,2025-09-16T04:38:14Z,CPA356,"30.691936,119.970978",24600,381,324
1757997527,2025-09-16T04:38:47Z,CPA356,"30.753754,119.91803",24100,380,323
1757997559,2025-09-16T04:39:19Z,CPA356,"30.79985,119.878555",23350,374,323
1757997599,2025-09-16T04:39:59Z,CPA356,"30.83922,119.844742",22625,370,323
1757997609,2025-09-16T04:40:09Z,CPA356,"30.853008,119.832932",22300,366,324
1757997664,2025-09-16T04:41:04Z,CPA356,"30.925961,119.770088",20150,353,323
1757997699,2025-09-16T04:41:39Z,CPA356,"30.971577,119.73082",18825,346,324
1757997739,2025-09-16T04:42:19Z,CPA356,"31.022783,119.686813",17275,341,323
1757997779,2025-09-16T04:42:59Z,CPA356,"31.073385,119.643089",15925,334,323
1757997814,2025-09-16T04:43:34Z,CPA356,"31.11598,119.606285",14925,323,323
1757997844,2025-09-16T04:44:04Z,CPA356,"31.15164,119.575363",13925,320,323
1757997879,2025-09-16T04:44:39Z,CPA356,"31.193537,119.539047",12975,317,324
1757997909,2025-09-16T04:45:09Z,CPA356,"31.2285,119.508682",12300,316,323
1757997944,2025-09-16T04:45:44Z,CPA356,"31.269379,119.473145",11575,314,323
1757997959,2025-09-16T04:45:59Z,CPA356,"31.286636,119.458115",11300,310,324
1757997974,2025-09-16T04:46:14Z,CPA356,"31.303801,119.443138",10950,310,324
1757997989,2025-09-16T04:46:29Z,CPA356,"31.321239,119.428062",10625,311,323
1757997999,2025-09-16T04:46:39Z,CPA356,"31.332916,119.417885",10425,311,323
1757998019,2025-09-16T04:46:59Z,CPA356,"31.355591,119.398148",10025,309,323
1757998034,2025-09-16T04:47:14Z,CPA356,"31.373043,119.383041",9725,308,323
1757998049,2025-09-16T04:47:29Z,CPA356,"31.389999,119.36834",9450,306,323
1757998069,2025-09-16T04:47:49Z,CPA356,"31.41243,119.34874",9100,302,323
1757998084,2025-09-16T04:48:04Z,CPA356,"31.429649,119.333717",8825,301,323
1757998094,2025-09-16T04:48:14Z,CPA356,"31.440536,119.324181",8675,299,323
1757998109,2025-09-16T04:48:29Z,CPA356,"31.456696,119.310013",8425,295,323
1757998124,2025-09-16T04:48:44Z,CPA356,"31.473455,119.295319",8150,294,323
1757998139,2025-09-16T04:48:59Z,CPA356,"31.489611,119.281258",7875,293,323
1757998154,2025-09-16T04:49:14Z,CPA356,"31.506182,119.266701",7550,292,323
1757998174,2025-09-16T04:49:34Z,CPA356,"31.52774,119.247597",6950,289,323
1757998189,2025-09-16T04:49:49Z,CPA356,"31.543533,119.23349",6525,288,322
1757998214,2025-09-16T04:50:14Z,CPA356,"31.569349,119.210281",6250,277,323
1757998229,2025-09-16T04:50:29Z,CPA356,"31.584366,119.196869",6150,269,322
1757998254,2025-09-16T04:50:54Z,CPA356,"31.609131,119.174362",6000,256,322
1757998269,2025-09-16T04:51:09Z,CPA356,"31.621677,119.163101",5975,246,322
1757998284,2025-09-16T04:51:24Z,CPA356,"31.634993,119.15107",6000,236,322
1757998304,2025-09-16T04:51:44Z,CPA356,"31.65303,119.13488",6000,234,323
1757998324,2025-09-16T04:52:04Z,CPA356,"31.669741,119.119957",5975,234,323
1757998349,2025-09-16T04:52:29Z,CPA356,"31.691553,119.100639",5575,234,323
1757998364,2025-09-16T04:52:44Z,CPA356,"31.705759,119.091469",5400,231,341
1757998369,2025-09-16T04:52:49Z,CPA356,"31.71022,119.090256",5375,227,350
1757998374,2025-09-16T04:52:54Z,CPA356,"31.715807,119.089218",5325,224,353
1757998379,2025-09-16T04:52:59Z,CPA356,"31.721113,119.088554",5300,222,354
1757998384,2025-09-16T04:53:04Z,CPA356,"31.725723,119.088135",5250,218,355
1757998389,2025-09-16T04:53:09Z,CPA356,"31.730801,119.087677",5225,215,356
1757998404,2025-09-16T04:53:24Z,CPA356,"31.745321,119.086578",5100,206,356
1757998424,2025-09-16T04:53:44Z,CPA356,"31.763947,119.085388",4750,201,357
1757998439,2025-09-16T04:53:59Z,CPA356,"31.777542,119.082787",4425,195,341
1757998449,2025-09-16T04:54:09Z,CPA356,"31.786057,119.077682",4175,194,331
1757998454,2025-09-16T04:54:14Z,CPA356,"31.790085,119.074821",4025,194,329
1757998459,2025-09-16T04:54:19Z,CPA356,"31.793177,119.072571",3875,193,328
1757998464,2025-09-16T04:54:24Z,CPA356,"31.796947,119.069771",3700,192,328
1757998469,2025-09-16T04:54:29Z,CPA356,"31.801184,119.066345",3475,193,324
1757998474,2025-09-16T04:54:34Z,CPA356,"31.80435,119.06282",3250,194,316
1757998484,2025-09-16T04:54:44Z,CPA356,"31.809271,119.054611",2900,194,302
1757998489,2025-09-16T04:54:49Z,CPA356,"31.8111,119.049881",2775,191,290
1757998504,2025-09-16T04:55:04Z,CPA356,"31.810167,119.035576",2575,176,257
1757998509,2025-09-16T04:55:09Z,CPA356,"31.80872,119.030273",2525,171,253
1757998514,2025-09-16T04:55:14Z,CPA356,"31.807281,119.026215",2475,166,248
1757998519,2025-09-16T04:55:19Z,CPA356,"31.805603,119.022087",2425,161,244
1757998524,2025-09-16T04:55:24Z,CPA356,"31.80398,119.018593",2400,158,241
1757998529,2025-09-16T04:55:29Z,CPA356,"31.802114,119.014725",2375,155,240
1757998534,2025-09-16T04:55:34Z,CPA356,"31.800522,119.01165",2350,152,240
1757998539,2025-09-16T04:55:39Z,CPA356,"31.798233,119.007202",2325,151,239
1757998549,2025-09-16T04:55:49Z,CPA356,"31.794853,119.000603",2300,151,239
1757998564,2025-09-16T04:56:04Z,CPA356,"31.789351,118.99028",2150,152,238
1757998574,2025-09-16T04:56:14Z,CPA356,"31.785683,118.983444",2025,149,238
1757998589,2025-09-16T04:56:29Z,CPA356,"31.780518,118.973694",1825,143,238
1757998599,2025-09-16T04:56:39Z,CPA356,"31.777039,118.967209",1725,138,238
1757998609,2025-09-16T04:56:49Z,CPA356,"31.773468,118.960457",1600,140,238
1757998614,2025-09-16T04:56:54Z,CPA356,"31.771811,118.957382",1525,140,238
1757998624,2025-09-16T04:57:04Z,CPA356,"31.768457,118.951118",1400,138,238
1757998639,2025-09-16T04:57:19Z,CPA356,"31.763214,118.94117",1275,142,239
1757998654,2025-09-16T04:57:34Z,CPA356,"31.758179,118.93158",1075,140,238
1757998659,2025-09-16T04:57:39Z,CPA356,"31.756485,118.928406",1000,138,238
1757998669,2025-09-16T04:57:49Z,CPA356,"31.75305,118.922058",925,138,238
1757998679,2025-09-16T04:57:59Z,CPA356,"31.749603,118.915741",775,138,238
1757998689,2025-09-16T04:58:09Z,CPA356,"31.746346,118.909531",675,138,239
1757998694,2025-09-16T04:58:14Z,CPA356,"31.744717,118.906403",625,138,238
1757998704,2025-09-16T04:58:24Z,CPA356,"31.741199,118.899811",525,138,238
1757998709,2025-09-16T04:58:29Z,CPA356,"31.739595,118.896843",450,138,238
1757998724,2025-09-16T04:58:44Z,CPA356,"31.734428,118.88723",275,138,238
1757998734,2025-09-16T04:58:54Z,CPA356,"31.731079,118.880959",175,137,238
1757998744,2025-09-16T04:59:04Z,CPA356,"31.727491,118.874268",75,134,237
1757998749,2025-09-16T04:59:09Z,CPA356,"31.726044,118.871529",75,129,238
1757998759,2025-09-16T04:59:19Z,CPA356,"31.723349,118.86647",75,100,238
1757998769,2025-09-16T04:59:29Z,CPA356,"31.721317,118.862717",0,68,239
1757998784,2025-09-16T04:59:44Z,CPA356,"31.719635,118.859512",0,38,241
1757998789,2025-09-16T04:59:49Z,CPA356,"31.719339,118.858582",0,33,253
1757998799,2025-09-16T04:59:59Z,CPA356,"31.719158,118.85714",0,26,264
1757998804,2025-09-16T05:00:04Z,CPA356,"31.719135,118.85659",0,20,267
1757998809,2025-09-16T05:00:09Z,CPA356,"31.719189,118.856186",0,11,281
1757998819,2025-09-16T05:00:19Z,CPA356,"31.7195,118.855927",0,9,320
1757998829,2025-09-16T05:00:29Z,CPA356,"31.719851,118.856041",0,9,11
1757998839,2025-09-16T05:00:39Z,CPA356,"31.719999,118.856438",0,8,56
1757998844,2025-09-16T05:00:44Z,CPA356,"31.720091,118.856644",0,9,59
1757998849,2025-09-16T05:00:49Z,CPA356,"31.720219,118.856873",0,10,59
1757998854,2025-09-16T05:00:54Z,CPA356,"31.72036,118.857132",0,12,56
1757998859,2025-09-16T05:00:59Z,CPA356,"31.720516,118.857437",0,14,56
1757998879,2025-09-16T05:01:19Z,CPA356,"31.721535,118.859322",0,26,59
1757998894,2025-09-16T05:01:34Z,CPA356,"31.722601,118.861328",0,31,59
1757998909,2025-09-16T05:01:49Z,CPA356,"31.723471,118.862938",0,19,59
1757998919,2025-09-16T05:01:59Z,CPA356,"31.723904,118.863747",0,18,59
1757998954,2025-09-16T05:02:34Z,CPA356,"31.725792,118.867317",0,20,59
1757998964,2025-09-16T05:02:44Z,CPA356,"31.726234,118.868156",0,18,59
1757998974,2025-09-16T05:02:54Z,CPA356,"31.726723,118.869064",0,20,59
1757998989,2025-09-16T05:03:09Z,CPA356,"31.727468,118.870461",0,20,59
1757998999,2025-09-16T05:03:19Z,CPA356,"31.728035,118.871506",0,22,59
1757999009,2025-09-16T05:03:29Z,CPA356,"31.728575,118.87252",0,22,59
1757999019,2025-09-16T05:03:39Z,CPA356,"31.72912,118.87355",0,22,59
1757999029,2025-09-16T05:03:49Z,CPA356,"31.729704,118.874626",0,24,59
1757999039,2025-09-16T05:03:59Z,CPA356,"31.730301,118.875755",0,24,59
1757999049,2025-09-16T05:04:09Z,CPA356,"31.730885,118.876846",0,24,59
1757999059,2025-09-16T05:04:19Z,CPA356,"31.731319,118.877663",0,14,59
1757999074,2025-09-16T05:04:34Z,CPA356,"31.731915,118.878105",0,10,59
1757999084,2025-09-16T05:04:44Z,CPA356,"31.732315,118.877808",0,10,59
1757999099,2025-09-16T05:04:59Z,CPA356,"31.732841,118.87735",0,10,323
1757999109,2025-09-16T05:05:09Z,CPA356,"31.732822,118.876823",0,9,323
1757999119,2025-09-16T05:05:19Z,CPA356,"31.732599,118.876419",0,9,241
1757999124,2025-09-16T05:05:24Z,CPA356,"31.732487,118.876205",0,9,239
1757999129,2025-09-16T05:05:29Z,CPA356,"31.732361,118.875977",0,9,239
1757999139,2025-09-16T05:05:39Z,CPA356,"31.73217,118.875542",0,9,244
1757999149,2025-09-16T05:05:49Z,CPA356,"31.732286,118.87516",0,8,244
1757999159,2025-09-16T05:05:59Z,CPA356,"31.732555,118.874992",0,5,244
1757999179,2025-09-16T05:06:19Z,CPA356,"31.73291,118.874733",0,4,244
